Postion,Company,Location,URL
 MECHATRONICS ENGINEER,PowerHandling  Inc,Post Falls  ID 83854,https://www.indeed.com/pagead/clk?mo=r&ad=-6NYlbfkN0BM9iM5zIBn4vU2_R6ZNImxJAvCJIP4HSSxCOVajLahxnF39cW6UU0faMqhLgGfxUjJZE7ojnNnUX5JNwejM2Mbb6y9kwR0ku7zXqcSWuxkdaPTJXG0gt0SAQUXlavT9wM71hCjAbU2L5RtNFxh-76HMEYqHYRvM1QzBMZEf-dQcpwzdWSzRSr0srHS0Yg_ElyHEHWrm_sqWHTzal-X7rB54evtMQFVLkUqvBwLDYeBPV5A-ahdlByFFTwHypZvx6JtGHMyJTsQe8Y-KuNFYwLCsadRT3VXh6M-9IZVSos679Fs97QU35T737dh--NgMuOuCQ-r2cotMTyqM_HgURcj1LixBZZYerOJjvlgi7THjcRFidFq_BTwxZosQj1F57-HZedKt3OFK70kDeD0buPhIeqinV7mrH_uuJRqc0T6VUKXTJydno9Z2uHfgETFqMybxPj6RWvSPbuQ4OcWAYZo8pHn8TpZPNnqgFSkMdenPEeSD2RTwTt9WLK7qnAV20PAckXOq2ikBuenSeTOZwK0&xkcb=SoDw-_M3NR3EwxyApR0LbzkdCdPP&p=0&fvj=1&vjs=3
 Research Engineer (Electrical),Voltserver,East Greenwich  RI 02818,https://www.indeed.com/pagead/clk?mo=r&ad=-6NYlbfkN0DTScXi2Fnrp1FyAnNsgNgEqdn11Y9BYtkqqC9ZYhyEQAmrLrlVDNCyzqIjwmFzzPAjRtBGqXuvieVHBrJm7yyGlDtqDJKWGKWq74_4S41P70eK85xDJGILjN3mqcJWU1Idfzz9ZXaZ1xboQvimzUwzW-oG5jnLm3NI2jrper32glH2vbgXRTngATGMs94WCmxoDC_LpZ1OOr_lLC1LY5mLN3Cn2iINE-2zzwxxTn19_R3i0B0e5RsFFIyHDT-VDBBCdc3x7ZysrKVsWdg8QCerpZuR3fw3Aco1V6vP8EX2PH1gq4u-uFzII_fW6DomszDnnklHVYuYxzyHc-5qR-Cued-2hx97J6aZPZnLlA-2C5hC6IcgOv6Pc3DKCxtST0PQqOkwZSi-LpTvm9rAfspZfNFtg2kYh7cqvGf5tlxKFyTeX-5umA6FTVR5QqMqY2yeVLz-8WWfS5qv0lyfpYbeNNAvpxive40AnN82qrR-9A-QfzJRTNYErEVe6N_HZ1CrYRyCt-SCxd6BIkhRpjJISyZ9w_3g7uYEPnRRsXRxd-SUx2HJvz2s&xkcb=SoBE-_M3NR3EwxyApR0KbzkdCdPP&p=1&fvj=1&vjs=3
 Systems Engineer,Canary Systems  Inc.,New London  NH 03257,https://www.indeed.com/pagead/clk?mo=r&ad=-6NYlbfkN0BYXR_e2NcmjoQ6Oe3pfKsCBk4b9UVUcoM3xzV7LeDXfhxKScIj_ZqSeWOs1l5q0YheujZ0HXrjgYYFzZOOe2kB2zulYuacmEvt9R0FMXaUSqQ4JpdramGvvAt8syRydn2uJUspy_9yyyFP3_KEohzcl6I8x3BE-q_j1YT6hnZ3yT_XeAItl405thmfrMg9JeWVRjK5clhZpUYf3j0pe9Ee8Jw_NqXcUO703dEie43_gRSYnqJvlu7-IHBYRrOP4RpXBRVBkpRH3tWvPMDjIOu8SnfKOUoXBxMsJxK_VIJ56fa90zYG3pTcxlRZgwUXEzJDDpXNHvlXbDKFgGbaEjqVTdzjEGF-itJRi-aGt-yKE0bn0UnZRb9PE7RvTCGB-5_H3knTs2KPFgpAT1XoETEZPgordDQ8_oX7iQp3f3T0lyexzGSMmKTmMPAKPdcE7pJI33jbrqnlCPW6o37gzsOeqrL8ij7TH6sVPCncGOmufPED-yNtZeamJxXIJCPL-JrGx3gIrTL00oDtH9RFJtIHVL1gZ1SkBcKSSYSc90sYT_k25hb64-B2AZA6bT2KlncGQmIthtRjfCKEanG4BiTn&xkcb=SoDZ-_M3NR3EwxyApR0JbzkdCdPP&p=2&fvj=0&vjs=3
 Linux Engineer,TASC Technical Services LLC,Eagan  MN,https://www.indeed.com/pagead/clk?mo=r&ad=-6NYlbfkN0BqVIPREwk4oBSbM2bGrdAo8hR-P3fd8uoNrlTRfMWoP84RzVK6IkWJLtswrrFuSg8aVQ_Ciqy720EXsUU5PsiJEY0L0RS74XYhxmlWQ7KDHk36Jowq2ezQiinE34cd3cpMJfHQbrDGWAqXKk4VOzX7k8jSXKjocrdr-9WXvpuIzeSU64ex6txTBXFtuOykV81zo4WKQCPoyL56tEzbA6PliJQiNjhbbMcow-TcQ0Ho6LBAU2L4wbO4A0BEj-rPIa7ILHhIuTSG03GvH5chBpDQetVGaSWD2NjiSBDGYnkK92hHl0RlRm00CBJSFjmxEHj7uZQ1cEUaFQ-LE9FxcCjSA0Mx9T0ljr7W-VQo3Hglf-bqMjyUCT0L3ajJxYs2xlpPjYtWoedj-pIVZadEHCIJ8wZu4mGbbpGR0OY8hK8TK5IUJHaKZaQJdi3qADX-xiipXdoPoFap9twCs36cdg-tfqZeJautetSHs1tjkURF4oOo9tCdKhHAwjvSozpgeoGIZ9A-LwU0fw==&xkcb=SoBt-_M3NR3EwxyApR0IbzkdCdPP&p=3&fvj=1&vjs=3
 Financial Analyst - Redding  CA,Maas Energy Works  Inc,Redding  CA 96001,https://www.indeed.com/pagead/clk?mo=r&ad=-6NYlbfkN0CKammWz-QfI4wcKX8XbN9eazqG8_SLcH7e_5jSCB8NBDsdZdI2D4ul4MnJmHElzmonocYFz2_AIH19duqnGkd6MteTCmlZGmXRS_Bln8ieUQcwt9TS1Z8aTzGIvnXTc5T8XxNhmDXQfNCWkhLVCJTNGyAZ31w981eLJf03WZKqZlEkdWkL5-SZ_HvqY-aWmzU8lTHWC9wS5Tdzi5znYFSAhM4LbNYScPp7AtOj6zYki5Sm6ZN2JaXgppW1CjS53QpH6AmEzB7WJa83jU_aheqv-tzwF7JRaikvwv7l7EXvhm8cFT8-cg3TE-SLHF18AeKEWXmXkuu82ZUNAhWDKNpstPYrqS3xm38gvCFXzN4vmfZAv5WTU9I4QlhSvnTzM8reOJUzIpaaEEUeK2yZ-gqzUgdPs4lFFoSoU8HTGtEj_SeoiloS8JxHFwl5cGu9DZKaz24B1Of1eowpj4oFRMNq0QPDgggc0eEqpzy7cxIw_23h_pn4foG6ET6dfZRYmM_Otgykt-1b3uJqrR-AnlA4mo5GOobGwn4=&xkcb=SoDj-_M3NR3EwxyApR0PbzkdCdPP&p=4&fvj=1&vjs=3
 Entry Level Python Developer - 482020,I28 Technologies Corporation,Remote,https://www.indeed.com/company/I28-Technologies-Corporation/jobs/Entry-Level-Developer-a0c5f58258d0fbe5?fccid=a8f840414d50fb27&vjs=3
 Software Engineer (HTML  CSS  JS  Python  Django),BringFido,Remote,https://www.indeed.com/company/BringFido/jobs/Software-Engineer-e592eebfdc2aebdb?fccid=27d357da9552e4e6&vjs=3
 Content Creator,LeetCode,Remote,https://www.indeed.com/rc/clk?jk=e94af63cb41ad9b5&fccid=c6c00bc365a2497f&vjs=3
 Python Scripter - Contractor (Independent Worker),BlueOcean,New Jersey,https://www.indeed.com/rc/clk?jk=71145a4243293e28&fccid=36585747c5a49c5c&vjs=3
 Data Analyst,Redko,Remote,https://www.indeed.com/company/Redko/jobs/Data-Analyst-0fc9c9e2db8fce4a?fccid=fef428aa4152bc0d&vjs=3
 Security Administrator II - 760,COCC,Rocky Hill  CT 06067,https://www.indeed.com/pagead/clk?mo=r&ad=-6NYlbfkN0DHJenOiNOIrWnQzT8tLcDtXMVBPHZVrjKh6TSn9FovVmQdZNuJE0X0EjL5Qu6W4hquRLoXTwGc_WHDPGxpBls7pht6q2mxUn3eu1scWfBoQuMbS8lT_baSXeHXPOYD8CFEJaN8yk0qfGp_J5FXQ23msKBJBvnQhQ5Pt6-yRbBVyBd3hzfOPjRXGvBB6joWlcYZ_lupPhKJTlnM95bVONKvtx-7pLf6NFO_j00Gjryc9ayDUfhn6GMfDeFMSds07RhYe7-bFe3dMUZ9MtH13dRSDzPkcXubKdjFwWDyHL3_kf6gqaS9yb_ryuIhBgl7tWbeO3J1S4I2ZeRrZPCVD6bllilQr30CEEj_oCgBgUMMlFGvaHSUIm5Wcv93Sa8IrmQVAapbDfio6YLd2ZwnG89wTKit-JTLF2yXeT1CfzmdjF0Nsewepw9M-bmXk3Yjl1wp3AIcznV18BvmM9m3kMGF3Irf0jLoVX1BHZ6WsZZtZkDIisgG0w_Kmys7AdL_Bg3Rw3rhN0nH9YvoR3fclktwRJ6OLApxYFLGIRKzoVd9txcDgVe3NChoTmn5MXPoUg8=&xkcb=SoC--_M3NR3EwxyApR0BbzkdCdPP&p=10&fvj=0&vjs=3
 Private Python Tutor (California  Remote),Lessonpal,Remote,https://www.indeed.com/company/Lessonpal/jobs/Tutor-9e24292b171b470a?fccid=a0114eb971a19d38&vjs=3
 Python Backend Engineer,BorderlessMind,Remote,https://www.indeed.com/company/ISHIR/jobs/Back-End-Developer-493326172d35a6d5?fccid=3ea62fd59ff86202&vjs=3
 Python Data Engineer,Sonitalent Corp,Remote,https://www.indeed.com/company/Strivernet-RPO-Services-Ltd/jobs/Python-Developer-2cfae02e898c6363?fccid=12c11efe2739ca13&vjs=3
 Python Developer,Paktolus,Remote,https://www.indeed.com/rc/clk?jk=df1cce3cc988f374&fccid=3095e1b2ada9dd27&vjs=3
 Python Developer,Intone Networks,Remote,https://www.indeed.com/rc/clk?jk=751e0dc62a0d1773&fccid=3ed0572c448b2368&vjs=3
 Frontend Python Developer (80% Angular  20% Python),Intone Networks,Remote,https://www.indeed.com/rc/clk?jk=21dde9d8f2494b15&fccid=3ed0572c448b2368&vjs=3
 Software Farmout Lead- Guaranteed sign on bonus and relocation,ASML,Wilton  CT 06897,https://www.indeed.com/pagead/clk?mo=r&ad=-6NYlbfkN0A_DDXJpBmDjNhNk0SonxKsswszHAivHatKsF66mYTBcgFXpETbqEVDWCIKFP3cQiWBkbRFToEBe3iDkjdeGH6QbKif7oFAA01HGHEUBTRZfq9hvG0q_18KGxpgYlFhzHhzN3BA8GM4n9-ConYhkjVcF_pSGHCCnWLOknpXq72NlttPVLCnSeU1Q8KOm4QLUhs1VpZtWCP69XID68LAqVch1C36ZEAUIQ_XKhg2MHLY8GbSe06E8YrtKrZ-Rf5VUBxqvsHtnPT-tzdQuHsBgbfbHeaWiToBTEBz6j_pCM7buc5qEixNSCtZkmJsAESic3G0ypViOWIutQ7gZLbhAgDA1-F3lpDx_YMyNqPVpmkyMb1dP8Tq1k2u9cWaYMuMCgBQUby4UjyO5rd1me7uQDjbQGbleflqfjG7MIUt4yIZET3mP3dFKoW-y2ozcbGwa9WF3hDgU_VsAtMHCrJpLEcmuFxlqU2VOpvk0x1yUcV30WYi2Q85hJsyT4ePJgha4GADkZiEI_ttwtob1goFjxqVOQR8ekYgISrwp1lR90C88_2xzk9dPKvfaZyWqLln3RxNRBkdyAFYIrJrAg2ZIQuJIrPfFbcvt-u9JULd2O0zcrgDXJjgNXWfJf5bhYyM0tJTU01fxMoZ5ziniDUwR_XtcUSp4mWzUboBnyI5J2XJ_VQO9XbYwYVCNSBKJOw_boTtmu4g-LoUi675jvik5DNSTcutvpFh75kMbXQGBPZ8bnuF25GWBoopMmXPp5M51G8Sc4F32qFf-PGP9N9YdgeMtDDxaFXvppvw6VJb-fykeN4i4z28Qdm_wkTBXpe9s1rE1qUnY04S0bdc9o0xJBolIFBL6wGLTa_7Ec0dCvUFLG8OZh8HHO8oVaB40daq4aE6RsMIOTSjng==&xkcb=SoA2-_M3NR3Es1w5K50JbzkdCdPP&p=2&fvj=0&vjs=3
 EPC Data Analytics Lead,Air Products,Allentown  PA,https://www.indeed.com/pagead/clk?mo=r&ad=-6NYlbfkN0AEVkFsOi_nmqAnuT6w7H761lIqN12_Jd97PaERi9O1fmBTLWvy62tCJ6bySB63AKh2EDCl-VXj5jYs5ojKBkg2Tzo8ppBSkDrc2gLWq4OwPYnvXrgTp-KpCy5DoBxQID9fLppyRqd7sUB4UOa8j8FwapqzUN6GHRQWIsWZMsoFC6d5mHLWiOleSH6fKoTDCIaTa2ohmLbu1QEXJiIFfujnkk6JuaegsPNS4meEB1mSk6_blKmd2B-zuuzZXYp4Pt_0I3-F9jzpa5J9nNgRpMzri_gT8CAEAz2KGKnDjvu49tnYHyB_f_mXv8xOmyw_YYojVl7vs2VSpTqCxFTmZsr3wDbE9Qc7ZF5cFsiBG74IGRDkFe6ad9Yw2Eaqa2oNnQq_U6Kw2KsUk_y0pR6sjiOW8kq4zycp3E9uY4JWfO2BgbSEonjO-9YKvQpn9O6a96oGROwVmfZPJjs-_fnVLlX67wGRY-zNcNfbwcLxFMJowQRJ9Q3daIpdH40WZ6hXnCoSoDP7InjI8WIswqxiCimXRCeFGViwWQo18Z8Ffp93gxTwVgvnejyh5D1A_biJ4UxK7EA4rkCfMSsFpHL_aHbRPQlPljNYGgttVJ8Ikogcq_g9l-7RqPEYvDZepK-R_5lY29OvJ2k_EUF4e-ez_52hvqybH6Pymf9or5g1OLTlyAKi68cJCy0H&xkcb=SoCC-_M3NR3Es1w5K50IbzkdCdPP&p=3&fvj=0&vjs=3
 Python Scripter - Contractor (Independent Worker),BlueOcean AI,Remote in New Jersey,https://www.indeed.com/rc/clk?jk=5ed6373a9c3fe332&fccid=4296e8d9e0ff7cd0&vjs=3
 NOW HIRING: Computer Programming Instructors for Kids!,The Coder School,Suwanee  GA 30024,https://www.indeed.com/company/The-Coder-School/jobs/Computer-Instructor-bc44fbc2a341722d?fccid=76f30c07c05f14cd&vjs=3
 Python Programming Teacher,Skillademia UAB,Remote,https://www.indeed.com/company/Skillademia-UAB/jobs/Teacher-6ea0b05a55a9614e?fccid=afa511126834a145&vjs=3
 Python Platform Developer,Health Catalyst,Remote,https://www.indeed.com/rc/clk?jk=891d4eb69ac0617c&fccid=d7d403f3184c0ee9&vjs=3
 Python Developer,Sompo International,Hybrid remote in Alpharetta  GA 30022,https://www.indeed.com/company/Sompo-International/jobs/Python-Developer-38e637ca4f822d77?fccid=f6af48ed29ae1ec7&vjs=3
 SR PYTHON/GROOVY DEVELOPER,Next Gen It, ,https://www.indeed.com/company/TrackerGO-CRM/jobs/Python-Developer-beca395fd441ea1b?fccid=1192de76dfb01aff&vjs=3
 Senior Embedded Software Engineer,Nielsen-Kellerman,Marcus Hook  PA 19061,https://www.indeed.com/pagead/clk?mo=r&ad=-6NYlbfkN0CErjmJQqXtQwu6lsGfwuOgvjOTQ_pY-83r5lEWNTOh_kIuYuON0AeIyAILN3bOpob9f3JZHx5cQkN7D3tvjZ18oAa4ZJOh4RhuDrNMnk3WtY9dlVogvW_IYunxImCtUoQmLfN5Wpzh2PX2UBjREXEFIP6Vo-ab4fQbgXWdXpBvzfzF0iYz0y_j_QEMGI6miN0V06Pleznk4Ky3dToHk1MKas7b94J0CrFPDKJ8HDg6i5Mcoz3X7y3RHwXgw55SfUu3QtcnsQsEpsTfAiNPZOFo289F7tCb7U0m2h7VElxNgY73KsdZacIjwaPRgylADjqMj6H-lDUTOxY_aNrJIjgz2FwnY-pztdmjn_r0FQ1VIk77ex6GpUQFYEC2cfflNggLMaXo3tF82PBLIbkzQmpbmgVTA4ktmhKFNGAtPqP5PwYpDFLRMMHtwR_fYmJx1OLae5IbLNnoP7smyAS0O7Cb8sJNtgRjkrG_8Jxh57gudnN1h-AO0WFauUdKjvZMh1zlcTvcFapVSrxBBzTv-aF0&xkcb=SoBR-_M3NR3Es1w5K50BbzkdCdPP&p=10&fvj=1&vjs=3
 Python Software Engineer,Chick-fil-A  Inc.,Atlanta  GA 30349,https://www.indeed.com/rc/clk?jk=1a3b6d3e7823be05&fccid=ff1746cf19c4661b&vjs=3
 MIDDLE PYTHON ENGINEER,Godel,Georgia,https://www.indeed.com/rc/clk?jk=6dd7f7ca382154c3&fccid=92dea032093aa20f&vjs=3
 network Authentication Administration II,4A Consulting  LLC,Baltimore  MD,https://www.indeed.com/pagead/clk?mo=r&ad=-6NYlbfkN0BGCizsxE9aitO1vUpkCOkNjA4khoJ4428dqsWOkAa76xwerZKu-0wJEG9hz03oHvFVLx224FXUBzRgtGs8OQsjtoc9q4TJSYwx-dWZjlz_zfKkhbCfjPFtECXnihm4mRttZJ1C0iyeGqe8lkD3Lhj3kHpjMDky5TH9nGFEO1sab-Kt-dz8ewk89VN1M3NYEs7fv-BlvEm8dJNrvYeR1-aem8n5MBhJgDElbqra3KnhxC-dXHGfG30qmf9eWgMhz8VG541rVu99SleQPEANw3kxW9f9aAKLa0L8_WbLo1Okry4H7_qzfFHnhEgihYgMehuaun7-EFal63drPUtXA2c5Re4D5BLYDTyLnUcJEozWkUA962AmtTdR-B-aPmOmVJDx_ncfrwSOBD6_auiwM9C507LzgiBixmjfmq-qC0b6Ec9nujLJxIzvV5EznuPBE-82ygXdMZ2ZXEhM115k3IHsXuMTU3AGn9YahAij6aQNzTqFHaDi42dfGLvK7ObPlSAZxmSUKaq_JWAJ5IKKkRlcRp8cq1U3HieVRq1q0PZe3Q==&xkcb=SoDf-_M3NR3Es1w5K50GbzkdCdPP&p=13&fvj=1&vjs=3
 Software Engineer III (Python/AWS),JPMorgan Chase Bank  N.A.,Atlanta  GA,https://www.indeed.com/rc/clk?jk=6cc5edf217bb69cf&fccid=aaf3b433897ea465&vjs=3
 Certified Python Instructor,Dreamerscorp Inc,Remote,https://www.indeed.com/company/Dreamerscorp-Inc/jobs/Instructor-cb7fec1d90ebb355?fccid=e0db97891c3f6d4b&vjs=3
 Python Developer,Excelon Solutions,Remote,https://www.indeed.com/company/Excelon-solutions/jobs/Python-Developer-6e0e0ecd3ebc4f09?fccid=6e69e2694ba28af4&vjs=3
 Entry Level Business Analyst,Agama Solutions,Remote in United States,https://www.indeed.com/rc/clk?jk=4d933148d44283c6&fccid=db130263a2af3230&vjs=3
 DevOps Platform Engineer-Active DoD Secret Clearance,E&M Technologies  Inc.,Colorado Springs  CO,https://www.indeed.com/pagead/clk?mo=r&ad=-6NYlbfkN0CVAEi5-l9JJl_xq8jvBstziEzgrdJoh7puDC9Mfs9WOAiNj-C1nvOBA9jeJUC2ExculLh3qHiNWGpgvVY_x8Xtpqj7VHpHUvax6bkfu1aBR39BKu_lp25pXJmhvg--EP-nAon3TMYfyM4-04PZhabxqgUAcHdrJ0lXRSEtGw7BNKfM7itk4vSFVa_uZmKI72IepMf82nxIcdqJUcl0VTGbMgkkJvl5AUEetp14y3l22qQmE2btATForE1dP-fHeGbVYzm2z82qmMs8XYUR_oBQijl0BcV7VAq6f0PL8O33SrhyytG1d-IhBf-6UqCbQvFEoFt8UAW4qYiCQ8vsout6lR4zh3I_dh1ZtdRU4jbqyJu7a-nau2E6czJn0OixmvBB2J5tukyfxp002vPZjKWMVE2SH56WrF8pjsyDJ0dW63crXg9fI0d6R5PZerzuwJk6a0Eul1LPhlipp-a28qJAhzQShgQ4w_Op7ImeveABF8F0YM7wpseyadnHX63pfYYKQ9L0-rrlHhLzWMT3oru-AMl0W9kaaZUJEF6cZJFuK4cDPq54bGQH&xkcb=SoAe-_M3NR3EYhyQBR0IbzkdCdPP&p=3&fvj=1&vjs=3
 Frontend Python Developer (80% Angular  20% Python),Intone Networks,Remote,https://www.indeed.com/rc/clk?jk=21dde9d8f2494b15&fccid=3ed0572c448b2368&vjs=3
 Backend Python Engineer,Comply,Remote,https://www.indeed.com/rc/clk?jk=248612081c8af3a8&fccid=dd54aeb464a854ed&vjs=3
 Backend Developer,Redko,Remote,https://www.indeed.com/company/Redko/jobs/Back-End-Developer-70c3a2645f9e92a8?fccid=fef428aa4152bc0d&vjs=3
 Security Operations Center (SOC) Analyst  Tier 1 (Eastern US),Cybereason,Remote,https://www.indeed.com/rc/clk?jk=6593498fd562c6f3&fccid=a4967334227f66b8&vjs=3
 Sr. Backend Software Engineer (Python),Mindcracker,Remote,https://www.indeed.com/company/Mindcracker/jobs/Back-End-Developer-4b4ebb520184952f?fccid=7ec614deaa1f6176&vjs=3
 Python Sports Analytics Course Developer,eZcZ Stat Network,Remote,https://www.indeed.com/company/eZcZ-Stat-Network/jobs/Python-Developer-0beff4190fde7a0a?fccid=fde31f8af7a66e39&vjs=3
 Python Developer,EX2 Outcoding,Remote,https://www.indeed.com/rc/clk?jk=32319bda847a9b4b&fccid=a2a923487dc9475f&vjs=3
 Python and R developer,Effone software inc,Remote,https://www.indeed.com/company/Effone-Software-Inc/jobs/Python-Developer-9556ca62639dae0d?fccid=f018c54bf1832574&vjs=3
 Python Scripter - Contractor (Independent Worker),BlueOcean AI,Remote in New Jersey,https://www.indeed.com/rc/clk?jk=5ed6373a9c3fe332&fccid=4296e8d9e0ff7cd0&vjs=3
 Python Developer,Intone Networks,Remote,https://www.indeed.com/rc/clk?jk=050af1bcef9ac211&fccid=3ed0572c448b2368&vjs=3
 Online Coding Tutor(remote),Future Sphere,Remote,https://www.indeed.com/company/Future-Sphere/jobs/Tutor-fd657231fd53a8b7?fccid=8d452d8a6b5dd7cd&vjs=3
 Server Support (Linux & Windows),Solera,Remote,https://www.indeed.com/company/Automotive-industry-and-artificial-intelligence/jobs/Windows-Server-Engineer-9a6337474a04188b?fccid=a4808703189c986a&vjs=3
 Junior Cloud Engineer,Priority Technology Holdings,Hybrid remote in Alpharetta  GA 30004,https://www.indeed.com/company/Priority-Technology-Holdings,-LLC/jobs/Cloud-Engineer-e35566673eac6e14?fccid=05c5612f6eae0b7a&vjs=3
 ETL testers,Keyseries,Remote,https://www.indeed.com/rc/clk?jk=df38a11109b3e65d&fccid=25ddcfc98114b689&vjs=3
 Python Developer – SQL – REMOTE WORK 44024,PRIMUS Global Services  Inc,Remote in Rhode Island,https://www.indeed.com/rc/clk?jk=1ffbdc206535d63c&fccid=fab19a82e69a8358&vjs=3
 Quality Assurance,Sledding Technologies,Remote,https://www.indeed.com/rc/clk?jk=8fc054f9c4b104e5&fccid=7f817c12d8b72505&vjs=3
 Support Engineer,Lambda,Remote,https://www.indeed.com/rc/clk?jk=faa1b116290f6515&fccid=b60afb128c8f7328&vjs=3
 Cloudera Admin/Hadoop Admin,Raas Infotech llc,Remote,https://www.indeed.com/rc/clk?cmp=Raas-Infotech&ti=Cloudera+Admin%2Fhadoop+Admin&jk=7604c0208db736fe&fccid=597d52ebef0ca904&vjs=3
 Software Engineer(Backend),Intone Networks,Remote,https://www.indeed.com/rc/clk?jk=2c21103d5dc83c8e&fccid=3ed0572c448b2368&vjs=3
 Software Engineer  Modeling,Form Energy,Remote in United States,https://www.indeed.com/rc/clk?jk=436c8fe44b248542&fccid=49dcf8eae7e9980a&vjs=3
 Jr. Software Developer,Labor Tech Solution,Sacramento  CA,https://www.indeed.com/company/Labor-Tech-Solution/jobs/Junior-Software-Engineer-61468afbc2355db8?fccid=e430a1d4537d391c&vjs=3
 Computational Materials Engineer  Cell Engineering,Tesla,Palo Alto  CA,https://www.indeed.com/rc/clk?jk=61e4ea2ad6a5498b&fccid=86e9be6ce380173e&vjs=3
 Data Governance & Quality Analytics  Part-time Co-op,Ancestry,Remote,https://www.indeed.com/rc/clk?jk=e46f16a055f6759f&fccid=8a644f7a25dca5dc&vjs=3
 Research Statistician I,The College Board,Remote,https://www.indeed.com/rc/clk?jk=d7cd38491c460b70&fccid=c651209eaa60c163&vjs=3
 Cyber Capability Developer,Johns Hopkins Applied Physics Laboratory (APL),Laurel  MD 20723,https://www.indeed.com/pagead/clk?mo=r&ad=-6NYlbfkN0DND_cY4AdZ9uf0CyzxvdaEIkE64BMiSLR1NLUGRAKCdb0EIWzKl7iUQ7clxobffV9KgeI4jRArMxdtgYx1DbaroJaM_uDYhZ_nwGn_YwW5GIBeFDVhi7aTZqFhrG-eHK6EH9rkG-AiC9Oxf0NwDMEskAOUkqdyAcYZAmcGY9AoSmYgOFVySuPBN73odMo0lMqES4TMJp90TUTvWr1IWbuJg33-XwgKiGrr7pbwRBY-y_Z6wvGs6lKqeoLK3kd_JXzZE8RM0dC9ggaBVfCbPqu6lhRskgoBh04LbPmKjxoTTDGvshM2xAbS5gYFeQo87_j7qrP7CU3ejKr1evgtwnbdQ0DPNW2fmWiHEAVn_rplart0xBzjz_82OJF-dIhrYJL-O_YnDw8B5U32UNB76AcIDmWKYxB-cL-QGYB39Z9-1EvzfYGu_OIznzAVAIyb-WhQs0yRSkypxaj7I7vGMkqdtgN4schHYaGFeUG4BqPV-PGpe6pk0w52piuZ8VMiPEe2ITTyFK9s8GcxJZE2QKaHDvgFYxMkSNbXm9fwIC1aKw==&xkcb=SoAY-_M3NR3D05QGnZ0GbzkdCdPP&p=13&fvj=0&vjs=3
 OIPA,Inbound Partners,Remote,https://www.indeed.com/company/Inbound-Partners/jobs/Oipa-0fe54ab9ce25acc7?fccid=ba6fb4ac0e9ae997&vjs=3
 Game Data Analyst,G5 Entertainment,Remote,https://www.indeed.com/rc/clk?jk=0d169aece7419b9b&fccid=f0bcf91f498121a9&vjs=3
 Computer Programmer,HLB Technology,Remote,https://www.indeed.com/company/HLB-Technology/jobs/Computer-Programmer-181b3c69ab609bf2?fccid=ccc4c7dcd40fed59&vjs=3
 Python Machine Learning Engineer,Saperelabs,Remote,https://www.indeed.com/company/Saperelabs/jobs/Machine-Learning-Engineer-c9574917beb5d3e0?fccid=d669952ec1784451&vjs=3
 Sr. Python Developer,epigee.inc,Remote,https://www.indeed.com/company/epigee.inc/jobs/Python-Developer-960a72565ba1960c?fccid=5e4fb0a24e8e3a6c&vjs=3
 Python Platform Developer,Health Catalyst,Remote,https://www.indeed.com/rc/clk?jk=891d4eb69ac0617c&fccid=d7d403f3184c0ee9&vjs=3
 Supply Chain Data Analyst  Supply Chain,Tesla,Remote,https://www.indeed.com/rc/clk?jk=8c29dbbe6a49a261&fccid=86e9be6ce380173e&vjs=3
 AI Coding Teacher for Children,AiGoLearning,Remote,https://www.indeed.com/company/AiGoLearning/jobs/Teacher-87286272ed3f6c84?fccid=2d18e275585d6ab5&vjs=3
 Python Developer,Sompo International,Hybrid remote in Alpharetta  GA 30022,https://www.indeed.com/company/Sompo-International/jobs/Python-Developer-38e637ca4f822d77?fccid=f6af48ed29ae1ec7&vjs=3
 Sr. Data Engineer (Python Spark & Databricks),Virtualan Software LLC,Hybrid remote in Atlanta  GA,https://www.indeed.com/company/Virtualan-Software/jobs/Data-Engineer-28f8387f38df8ac0?fccid=2bf855e4c8e35310&vjs=3
 Remote Training and Placement in Python Developer precision technologies,Precision technologies corp pvt ltd,Remote,https://www.indeed.com/company/precision-technologies-corp-pvt-ltd/jobs/Python-Developer-24df04d3cbe0f246?fccid=694414e8df5264a5&vjs=3
 SR PYTHON/GROOVY DEVELOPER,Next Gen It, ,https://www.indeed.com/company/TrackerGO-CRM/jobs/Python-Developer-beca395fd441ea1b?fccid=1192de76dfb01aff&vjs=3
 Identity and Access Management Developer- Hybrid,UltraViolet Cyber,Arlington  VA,https://www.indeed.com/pagead/clk?mo=r&ad=-6NYlbfkN0A8T88lZYuzf-YiSocU980sXMNm8VYjkAjpTeJrhsXZBgLBzYbHyiOVVpRCgk6XJi56TrSC13ByXgvOHeAieBOpb-5b16XHnzam6QLa0vrG1a4_hDlHtRCRHixCabUkunJD_u6fdHipsmNO7ubrBabv6_b14Rhc20Dtx_wi_RBh11DwfgQEyjAmxARY53sRSqZdRbvv7nv7bTloRF2kFgWdQqBThDcWHArEJM0--EaWfl7k1_ZPqORm3OC-8WvxuIq6ij8FcYwAqswafKo36wVevobWEVHp6WGa8LK_23Wx_LIbqJnS8lxPKHezO4d1N9NAifNHVURni4Z6K1ltMt_fInmtxshWVYh9zChEo686JQhHgWvyJESbz5Vs0D7BhGoPqC4astIfrNVw0Yy5t5Kp9DZs9F6tU_Sv_YF051bJL7u_k-H3jzDRfGeifmkRaJchBfTT1lK7B_KzeyTd_psQqfVh1lExU-wMqgAH2m0LXKKZXg5zn4g7MDmVrpom5-9lR3eYBVjgEwwWBwmRIucz4sa4ffX_6rgErCYRt0_fm37G_fn9RZ-oR7tm4lop4txqwcWK0IFaXg==&xkcb=SoCm-_M3NR3DgVAH270AbzkdCdPP&p=11&fvj=0&vjs=3
 Software Engineer,CACI, ,https://www.indeed.com/pagead/clk?mo=r&ad=-6NYlbfkN0DeKde-pU_olD4YUrw_gjyRI1n-4QX0HDStiN2-PsFXQUkLvqfbozsg-X-ECHcHwgzylVi1GDv5rx50M2X2o8sAIW_V_IzANXqzNG0FNTcqXtdY40EpyXdSyKJMvhsiEeo7gDazt96f_RoJ2PGrb1wIQkmDgQs0yi9nAYSx1srqBhCoDzDvdRhcFu57yBlo11cSmW0QE0ZnIVdvG4M6aNtfdZkpw000-N78rwRHAxsk5kt-hXHU-xIJ6HWzSAzxW3PveJDRsx3gwOaoZ-umbOm7gpFVu6LLRoUKtzvZUeBwcBv2XvqZyR0WkScUlTeAla_w2W2Xb_B3TMqomh1alAMAojF96qqgTDzyJJv_k8q6IsIKOurKmAqbgLDfBztzW-eSDTLNocQSCxJK0zSDs8g1LbAeFZ19Lucgx4gKQnVZkIcvKJvmN1RGstFF93lvM06WSXVvBER73J-vqFYJBQuYcn9lca1A7JKVImoJkTp1nqzNnW0vRyzRPRwTUiBsSQvXwfCc3LM0qYDZqIBs1I5dwJHc2woYbeLdcHKqQtC0O4H0M2WudwLFjUlftLwfjymJUditlfmhbhlkHpFJU5zPPSVcGrm-98JY7maY5l_MwTg0236UwVNQ3LGwEiD3XxQGHkx-7vNGFNCUvfeP4YfuHOXjKTi1-NdOQBXVdlenZdq1bGgiANF_uvNFEtnLsPM=&xkcb=SoAo-_M3NR3DgVAH270HbzkdCdPP&p=12&fvj=0&vjs=3
 Training and Placement for Python (AWS) and Java Full Stack Developer,Precision Technology Corp,Remote,https://www.indeed.com/company/Precision-Technology-Corp/jobs/Full-Stack-Developer-82e6e653882836dc?fccid=f9715030a7154e80&vjs=3
 Full Stack Developer,Gridiron IT,Remote,https://www.indeed.com/pagead/clk?mo=r&ad=-6NYlbfkN0CTHA6cd59lXtQJ-DuZtBHQsSjOn019HaVEc20FtZol1_8bPJW14iotuMuGn0biAaEQU5kmSAILr7AhXOIHDQVtBczJ5damLg8IFEApyqShzm1TYokC8wgzdsjKsL6n3KciWIF6_cWmFsZAlex8VScjqIc8DnLGVs_d9HU3-kRXJ7RpgBAn7ChEdoUk5XuWfeh3cErigzPNWZX0PkErN2nMzkd-lz5zfwKmX75pnCM0Hkdr9GdYw54-snkntXM_3xc9iUZ8OOw_GE5yI2WWE0ILEfS-86_-g1yyxkD8_m0FfRkxsIqrpZHsb5PEyHUIVF3aDl979XdD06IERrvVyLOWUywvzepax4heq1JvLGiVN_8rCa71MvW4jYpv0d-SiyafA03IFp0ieZsHBmzOlE1hhkfSqvrkdkBZzLRFi7dUEyVnqIUcFIXhNKGIMHH0xhK06G4P8mm2HatKXba6HPPLlgO2YiMmL2yoNwROduxVgpUX3BtLmOo-ovXnuvn0uOfCuBaVwUakeKWUiIXXtvB_&xkcb=SoAB-_M3NR3DgVAH270FbzkdCdPP&p=14&fvj=1&vjs=3
Senior Open Source Developer & DevOps (Python  Django  React  AWS/OpenStack),OpenCraft,Anywhere in the World,https://www.indeed.com/remote-jobs/opencraft-senior-open-source-developer-devops-python-django-react-aws-openstack
Full-stack Python Developer ,Lemon.io,Latin America Only/Europe Only/UK Only/Canada Only,https://www.indeed.com/remote-jobs/lemon-io-full-stack-python-developer-1
Senior Backend Python Engineer: Long-term job - 100% remote,Proxify AB,Latin America Only/Europe Only/EMEA Only,https://www.indeed.com/remote-jobs/proxify-ab-senior-backend-python-engineer-long-term-job-100-remote
Senior/Staff Software Engineer - Backend/Python - USA (100% Remote),Close,USA Only,https://www.indeed.com/remote-jobs/close-senior-staff-software-engineer-backend-python-usa-100-remote
